Date,Date
28 November 2011,28-11-2011
08 August 2018,08-08-2018
28 March 2006,28-03-2006
13 June 2008,13-06-2008
28 February 2016,28-02-2016
02 May 2004,02-05-2004
21 September 2013,21-09-2013
13 December 2006,13-12-2006
30 August 2013,30-08-2013
07 May 2003,07-05-2003
06 July 2006,06-07-2006
04 November 2013,04-11-2013
19 August 2003,19-08-2003
15 December 2017,15-12-2017
16 December 2020,16-12-2020
31 October 2015,31-10-2015
08 July 2003,08-07-2003
12 November 2021,12-11-2021
11 March 2006,11-03-2006
30 January 2009,30-01-2009
30 March 2022,30-03-2022
29 April 2012,29-04-2012
21 October 2011,21-10-2011
21 April 2014,21-04-2014
29 August 2008,29-08-2008
02 January 2020,02-01-2020
26 May 2005,26-05-2005
27 December 2006,27-12-2006
06 January 2011,06-01-2011
25 April 2007,25-04-2007
14 August 2006,14-08-2006
23 July 2003,23-07-2003
22 June 2020,22-06-2020
22 November 2008,22-11-2008
26 December 2020,26-12-2020
07 January 2005,07-01-2005
27 January 2006,27-01-2006
21 April 2020,21-04-2020
28 August 2012,28-08-2012
12 August 2021,12-08-2021
12 November 2018,12-11-2018
21 May 2008,21-05-2008
04 October 2016,04-10-2016
13 March 2011,13-03-2011
12 September 2022,12-09-2022
12 March 2003,12-03-2003
26 April 2019,26-04-2019
29 April 2010,29-04-2010
19 April 2020,19-04-2020
04 September 2021,04-09-2021
28 November 2003,28-11-2003
22 September 2008,22-09-2008
10 September 2020,10-09-2020
06 June 2005,06-06-2005
11 March 2008,11-03-2008
05 October 2011,05-10-2011
20 June 2012,20-06-2012
19 September 2015,19-09-2015
11 April 2017,11-04-2017
08 June 2014,08-06-2014
20 April 2019,20-04-2019
26 March 2022,26-03-2022
20 May 2012,20-05-2012
14 April 2006,14-04-2006
06 October 2018,06-10-2018
03 April 2007,03-04-2007
19 April 2013,19-04-2013
13 October 2022,13-10-2022
13 December 2004,13-12-2004
05 July 2015,05-07-2015
17 August 2014,17-08-2014
02 April 2010,02-04-2010
18 December 2014,18-12-2014
09 May 2014,09-05-2014
22 May 2017,22-05-2017
05 November 2021,05-11-2021
28 October 2008,28-10-2008
16 September 2018,16-09-2018
30 June 2018,30-06-2018
24 November 2005,24-11-2005
23 February 2004,23-02-2004
04 December 2011,04-12-2011
30 September 2021,30-09-2021
09 January 2011,09-01-2011
10 November 2009,10-11-2009
05 November 2009,05-11-2009
14 September 2009,14-09-2009
03 January 2006,03-01-2006
09 June 2009,09-06-2009
23 February 2008,23-02-2008
07 October 2005,07-10-2005
27 July 2005,27-07-2005
21 March 2009,21-03-2009
13 March 2013,13-03-2013
24 January 2011,24-01-2011
19 July 2012,19-07-2012
21 February 2009,21-02-2009
12 January 2020,12-01-2020
05 November 2003,05-11-2003
09 December 2005,09-12-2005
16 September 2016,16-09-2016
05 April 2006,05-04-2006
13 April 2017,13-04-2017
15 May 2018,15-05-2018
25 June 2020,25-06-2020
30 May 2019,30-05-2019
06 September 2012,06-09-2012
20 February 2007,20-02-2007
10 January 2010,10-01-2010
20 April 2010,20-04-2010
01 July 2007,01-07-2007
06 September 2006,06-09-2006
16 February 2004,16-02-2004
06 May 2013,06-05-2013
21 July 2017,21-07-2017
08 September 2009,08-09-2009
11 October 2010,11-10-2010
14 May 2016,14-05-2016
07 July 2017,07-07-2017
01 March 2003,01-03-2003
30 July 2022,30-07-2022
12 April 2020,12-04-2020
20 May 2014,20-05-2014
13 May 2004,13-05-2004
04 September 2012,04-09-2012
08 August 2009,08-08-2009
23 January 2003,23-01-2003
23 November 2014,23-11-2014
12 May 2016,12-05-2016
22 September 2019,22-09-2019
05 May 2010,05-05-2010
15 June 2018,15-06-2018
04 December 2004,04-12-2004
21 June 2016,21-06-2016
19 March 2014,19-03-2014
26 August 2004,26-08-2004
09 February 2019,09-02-2019
19 January 2008,19-01-2008
22 May 2005,22-05-2005
05 June 2006,05-06-2006
28 December 2013,28-12-2013
25 August 2003,25-08-2003
06 February 2011,06-02-2011
17 May 2010,17-05-2010
17 April 2022,17-04-2022
25 October 2008,25-10-2008
14 August 2020,14-08-2020
30 October 2004,30-10-2004
05 June 2016,05-06-2016
17 August 2004,17-08-2004
29 May 2021,29-05-2021
30 October 2005,30-10-2005
01 October 2016,01-10-2016
22 January 2014,22-01-2014
07 July 2016,07-07-2016
11 November 2006,11-11-2006
04 June 2017,04-06-2017
12 March 2009,12-03-2009
21 June 2009,21-06-2009
14 December 2007,14-12-2007
19 January 2012,19-01-2012
02 November 2004,02-11-2004
12 September 2013,12-09-2013
09 October 2022,09-10-2022
25 November 2003,25-11-2003
11 June 2005,11-06-2005
29 May 2013,29-05-2013
18 April 2019,18-04-2019
09 August 2009,09-08-2009
03 January 2008,03-01-2008
17 November 2018,17-11-2018
24 March 2008,24-03-2008
23 November 2018,23-11-2018
22 March 2006,22-03-2006
20 January 2022,20-01-2022
30 January 2020,30-01-2020
27 February 2014,27-02-2014
21 June 2011,21-06-2011
24 August 2021,24-08-2021
03 January 2020,03-01-2020
20 October 2006,20-10-2006
25 June 2008,25-06-2008
29 October 2009,29-10-2009
18 August 2014,18-08-2014
21 November 2013,21-11-2013
04 June 2013,04-06-2013
27 April 2020,27-04-2020
27 October 2014,27-10-2014
03 July 2011,03-07-2011
22 September 2004,22-09-2004
18 March 2022,18-03-2022
31 March 2004,31-03-2004
10 July 2013,10-07-2013
21 June 2007,21-06-2007
16 November 2015,16-11-2015
03 September 2012,03-09-2012
18 July 2010,18-07-2010
07 June 2012,07-06-2012
25 April 2017,25-04-2017
29 August 2004,29-08-2004
10 January 2007,10-01-2007
30 December 2005,30-12-2005
08 September 2016,08-09-2016
25 May 2003,25-05-2003
31 August 2016,31-08-2016
26 September 2013,26-09-2013
23 July 2015,23-07-2015
12 November 2008,12-11-2008
16 April 2007,16-04-2007
15 December 2011,15-12-2011
05 February 2015,05-02-2015
08 February 2018,08-02-2018
01 August 2014,01-08-2014
04 November 2005,04-11-2005
07 June 2005,07-06-2005
09 November 2012,09-11-2012
25 September 2008,25-09-2008
24 June 2007,24-06-2007
29 November 2011,29-11-2011
08 January 2009,08-01-2009
14 August 2015,14-08-2015
06 July 2018,06-07-2018
05 January 2012,05-01-2012
11 May 2006,11-05-2006
29 December 2020,29-12-2020
14 February 2021,14-02-2021
26 July 2009,26-07-2009
06 December 2021,06-12-2021
14 March 2016,14-03-2016
30 April 2014,30-04-2014
01 November 2019,01-11-2019
02 August 2013,02-08-2013
07 April 2008,07-04-2008
02 October 2020,02-10-2020
30 August 2005,30-08-2005
08 March 2008,08-03-2008
04 January 2020,04-01-2020
05 October 2004,05-10-2004
14 December 2016,14-12-2016
14 August 2009,14-08-2009
02 July 2011,02-07-2011
16 August 2015,16-08-2015
29 August 2007,29-08-2007
08 May 2014,08-05-2014
05 August 2013,05-08-2013
11 June 2006,11-06-2006
07 March 2011,07-03-2011
03 June 2009,03-06-2009
17 September 2021,17-09-2021
25 February 2009,25-02-2009
15 September 2005,15-09-2005
27 February 2010,27-02-2010
06 September 2020,06-09-2020
04 July 2016,04-07-2016
10 December 2002,10-12-2002
17 April 2019,17-04-2019
24 February 2017,24-02-2017
02 September 2009,02-09-2009
30 July 2008,30-07-2008
05 October 2003,05-10-2003
12 January 2013,12-01-2013
25 December 2013,25-12-2013
22 August 2009,22-08-2009
13 October 2012,13-10-2012
16 March 2004,16-03-2004
21 November 2011,21-11-2011
17 July 2013,17-07-2013
08 May 2018,08-05-2018
28 October 2006,28-10-2006
25 August 2018,25-08-2018
15 November 2014,15-11-2014
21 October 2014,21-10-2014
29 August 2006,29-08-2006
15 November 2020,15-11-2020
10 August 2020,10-08-2020
20 June 2008,20-06-2008
13 June 2013,13-06-2013
30 January 2005,30-01-2005
02 January 2009,02-01-2009
10 May 2005,10-05-2005
06 August 2012,06-08-2012
15 August 2022,15-08-2022
19 May 2020,19-05-2020
22 January 2015,22-01-2015
24 July 2020,24-07-2020
09 January 2021,09-01-2021
18 June 2009,18-06-2009
10 February 2020,10-02-2020
01 June 2016,01-06-2016
07 August 2005,07-08-2005
20 August 2003,20-08-2003
26 June 2006,26-06-2006
13 February 2021,13-02-2021
21 May 2004,21-05-2004
27 February 2012,27-02-2012
02 April 2015,02-04-2015
02 December 2016,02-12-2016
28 May 2015,28-05-2015
13 October 2009,13-10-2009
11 August 2004,11-08-2004
15 April 2013,15-04-2013
09 November 2007,09-11-2007
19 May 2008,19-05-2008
15 December 2004,15-12-2004
17 November 2012,17-11-2012
06 December 2007,06-12-2007
07 May 2006,07-05-2006
06 June 2018,06-06-2018
28 December 2006,28-12-2006
16 April 2019,16-04-2019
25 November 2017,25-11-2017
19 April 2018,19-04-2018
22 July 2004,22-07-2004
09 March 2014,09-03-2014
05 January 2007,05-01-2007
11 October 2008,11-10-2008
14 June 2009,14-06-2009
27 June 2022,27-06-2022
24 September 2012,24-09-2012
28 July 2008,28-07-2008
26 February 2017,26-02-2017
12 April 2008,12-04-2008
26 May 2013,26-05-2013
04 October 2006,04-10-2006
03 May 2018,03-05-2018
20 November 2018,20-11-2018
04 May 2015,04-05-2015
03 August 2004,03-08-2004
21 April 2004,21-04-2004
17 November 2003,17-11-2003
23 April 2003,23-04-2003
18 July 2003,18-07-2003
02 September 2018,02-09-2018
02 January 2021,02-01-2021
13 March 2003,13-03-2003
22 July 2019,22-07-2019
28 April 2003,28-04-2003
23 August 2009,23-08-2009
26 May 2021,26-05-2021
03 December 2009,03-12-2009
24 May 2011,24-05-2011
01 December 2015,01-12-2015
13 January 2022,13-01-2022
30 December 2017,30-12-2017
18 November 2020,18-11-2020
20 October 2004,20-10-2004
19 February 2017,19-02-2017
07 September 2013,07-09-2013
09 June 2012,09-06-2012
14 May 2021,14-05-2021
09 May 2008,09-05-2008
15 April 2017,15-04-2017
04 October 2007,04-10-2007
20 July 2007,20-07-2007
19 March 2016,19-03-2016
21 July 2014,21-07-2014
20 June 2004,20-06-2004
30 October 2020,30-10-2020
22 August 2017,22-08-2017
10 December 2015,10-12-2015
09 January 2020,09-01-2020
10 February 2014,10-02-2014
13 May 2009,13-05-2009
14 December 2008,14-12-2008
06 March 2013,06-03-2013
06 January 2022,06-01-2022
18 April 2009,18-04-2009
08 February 2020,08-02-2020
18 October 2017,18-10-2017
09 July 2006,09-07-2006
20 May 2006,20-05-2006
27 October 2004,27-10-2004
04 September 2008,04-09-2008
14 May 2015,14-05-2015
19 September 2007,19-09-2007
16 August 2008,16-08-2008
17 July 2020,17-07-2020
28 September 2019,28-09-2019
23 September 2022,23-09-2022
28 May 2021,28-05-2021
16 February 2019,16-02-2019
23 March 2012,23-03-2012
11 January 2018,11-01-2018
08 March 2019,08-03-2019
06 October 2007,06-10-2007
15 October 2010,15-10-2010
30 March 2021,30-03-2021
01 August 2018,01-08-2018
12 January 2003,12-01-2003
17 November 2017,17-11-2017
23 October 2004,23-10-2004
27 October 2012,27-10-2012
22 December 2006,22-12-2006
08 December 2010,08-12-2010
09 January 2012,09-01-2012
11 August 2008,11-08-2008
19 October 2019,19-10-2019
05 October 2010,05-10-2010
11 July 2016,11-07-2016
15 February 2009,15-02-2009
03 February 2017,03-02-2017
02 November 2018,02-11-2018
15 April 2003,15-04-2003
26 October 2007,26-10-2007
05 May 2017,05-05-2017
19 February 2003,19-02-2003
21 November 2005,21-11-2005
27 November 2007,27-11-2007
17 May 2009,17-05-2009
08 July 2018,08-07-2018
04 April 2004,04-04-2004
13 November 2007,13-11-2007
06 May 2017,06-05-2017
13 July 2012,13-07-2012
14 November 2015,14-11-2015
08 October 2011,08-10-2011
21 December 2005,21-12-2005
04 October 2020,04-10-2020
09 February 2018,09-02-2018
23 May 2005,23-05-2005
25 April 2009,25-04-2009
25 June 2011,25-06-2011
01 March 2011,01-03-2011
19 December 2009,19-12-2009
05 March 2003,05-03-2003
06 April 2004,06-04-2004
12 December 2014,12-12-2014
07 February 2017,07-02-2017
18 August 2007,18-08-2007
21 January 2020,21-01-2020
24 September 2022,24-09-2022
06 November 2015,06-11-2015
29 August 2020,29-08-2020
26 April 2009,26-04-2009
03 September 2009,03-09-2009
07 February 2016,07-02-2016
08 May 2016,08-05-2016
20 May 2017,20-05-2017
15 April 2022,15-04-2022
17 March 2011,17-03-2011
22 August 2003,22-08-2003
28 October 2019,28-10-2019
11 September 2004,11-09-2004
02 February 2019,02-02-2019
22 September 2022,22-09-2022
22 December 2018,22-12-2018
03 May 2019,03-05-2019
16 July 2012,16-07-2012
27 November 2005,27-11-2005
10 September 2005,10-09-2005
29 September 2018,29-09-2018
31 January 2011,31-01-2011
15 December 2012,15-12-2012
20 December 2011,20-12-2011
05 July 2003,05-07-2003
17 December 2007,17-12-2007
28 February 2007,28-02-2007
12 December 2011,12-12-2011
02 January 2015,02-01-2015
13 October 2003,13-10-2003
01 October 2022,01-10-2022
07 January 2009,07-01-2009
02 October 2022,02-10-2022
18 March 2008,18-03-2008
22 February 2006,22-02-2006
18 October 2015,18-10-2015
13 November 2004,13-11-2004
25 May 2007,25-05-2007
11 September 2013,11-09-2013
09 August 2018,09-08-2018
03 October 2010,03-10-2010
25 July 2018,25-07-2018
24 April 2018,24-04-2018
12 June 2007,12-06-2007
02 June 2011,02-06-2011
25 March 2014,25-03-2014
16 October 2022,16-10-2022
15 March 2003,15-03-2003
29 April 2016,29-04-2016
28 March 2012,28-03-2012
30 May 2021,30-05-2021
20 October 2018,20-10-2018
30 May 2006,30-05-2006
08 June 2007,08-06-2007
11 May 2010,11-05-2010
23 March 2021,23-03-2021
27 December 2004,27-12-2004
04 May 2019,04-05-2019
30 April 2005,30-04-2005
11 August 2011,11-08-2011
11 September 2019,11-09-2019
06 December 2018,06-12-2018
15 August 2004,15-08-2004
06 November 2004,06-11-2004
03 February 2010,03-02-2010
22 June 2016,22-06-2016
13 July 2006,13-07-2006
28 February 2019,28-02-2019
14 September 2005,14-09-2005
07 September 2007,07-09-2007
19 August 2020,19-08-2020
30 March 2019,30-03-2019
28 April 2008,28-04-2008
21 November 2018,21-11-2018
25 July 2015,25-07-2015
07 January 2021,07-01-2021
10 December 2005,10-12-2005
10 August 2006,10-08-2006
23 May 2010,23-05-2010
05 October 2009,05-10-2009
15 June 2020,15-06-2020
23 May 2022,23-05-2022
06 August 2022,06-08-2022
06 March 2011,06-03-2011
25 August 2006,25-08-2006
07 October 2010,07-10-2010
18 January 2016,18-01-2016
30 April 2022,30-04-2022
14 November 2012,14-11-2012
26 October 2015,26-10-2015
31 January 2013,31-01-2013
11 September 2021,11-09-2021
24 September 2017,24-09-2017
11 November 2018,11-11-2018
30 October 2015,30-10-2015
06 March 2006,06-03-2006
27 November 2017,27-11-2017
21 January 2012,21-01-2012
13 July 2005,13-07-2005
18 January 2007,18-01-2007
19 February 2018,19-02-2018
26 March 2013,26-03-2013
16 February 2008,16-02-2008
30 December 2014,30-12-2014
15 September 2012,15-09-2012
26 January 2018,26-01-2018
05 January 2018,05-01-2018
02 May 2022,02-05-2022
23 June 2015,23-06-2015
30 May 2022,30-05-2022
21 November 2017,21-11-2017
22 February 2022,22-02-2022
03 May 2004,03-05-2004
10 September 2011,10-09-2011
18 February 2011,18-02-2011
17 February 2017,17-02-2017
29 December 2006,29-12-2006
09 October 2020,09-10-2020
17 May 2018,17-05-2018
18 July 2022,18-07-2022
31 December 2020,31-12-2020
01 May 2011,01-05-2011
13 November 2005,13-11-2005
27 January 2020,27-01-2020
13 February 2011,13-02-2011
19 June 2020,19-06-2020
12 February 2021,12-02-2021
20 December 2016,20-12-2016
20 June 2010,20-06-2010
18 July 2018,18-07-2018
29 August 2013,29-08-2013
10 August 2009,10-08-2009
12 January 2016,12-01-2016
15 July 2012,15-07-2012
12 March 2008,12-03-2008
24 December 2011,24-12-2011
05 August 2016,05-08-2016
23 November 2002,23-11-2002
03 December 2013,03-12-2013
28 May 2005,28-05-2005
02 February 2021,02-02-2021
11 June 2014,11-06-2014
19 April 2019,19-04-2019
15 June 2006,15-06-2006
23 April 2017,23-04-2017
16 December 2009,16-12-2009
03 July 2019,03-07-2019
17 April 2004,17-04-2004
20 March 2019,20-03-2019
23 September 2009,23-09-2009
12 September 2005,12-09-2005
06 April 2022,06-04-2022
21 November 2007,21-11-2007
16 June 2018,16-06-2018
05 October 2012,05-10-2012
07 May 2010,07-05-2010
23 April 2022,23-04-2022
01 October 2020,01-10-2020
23 May 2019,23-05-2019
21 October 2018,21-10-2018
19 February 2014,19-02-2014
13 December 2010,13-12-2010
28 June 2005,28-06-2005
06 June 2004,06-06-2004
22 December 2007,22-12-2007
07 May 2005,07-05-2005
17 January 2006,17-01-2006
08 May 2004,08-05-2004
28 December 2020,28-12-2020
28 April 2014,28-04-2014
18 October 2014,18-10-2014
31 May 2014,31-05-2014
29 August 2017,29-08-2017
30 December 2007,30-12-2007
25 June 2022,25-06-2022
13 April 2013,13-04-2013
11 June 2011,11-06-2011
07 February 2006,07-02-2006
10 January 2005,10-01-2005
22 April 2013,22-04-2013
16 May 2019,16-05-2019
23 February 2013,23-02-2013
28 December 2014,28-12-2014
08 May 2015,08-05-2015
10 September 2019,10-09-2019
10 May 2010,10-05-2010
29 December 2003,29-12-2003
27 November 2011,27-11-2011
01 June 2019,01-06-2019
24 November 2016,24-11-2016
07 June 2008,07-06-2008
13 February 2020,13-02-2020
16 June 2022,16-06-2022
10 January 2009,10-01-2009
18 December 2002,18-12-2002
21 November 2020,21-11-2020
26 August 2009,26-08-2009
26 July 2003,26-07-2003
15 April 2015,15-04-2015
19 March 2004,19-03-2004
17 January 2015,17-01-2015
13 November 2012,13-11-2012
27 March 2013,27-03-2013
08 February 2019,08-02-2019
07 September 2019,07-09-2019
05 October 2008,05-10-2008
02 April 2006,02-04-2006
03 July 2005,03-07-2005
10 October 2018,10-10-2018
19 October 2005,19-10-2005
03 May 2009,03-05-2009
22 February 2017,22-02-2017
22 December 2008,22-12-2008
30 July 2011,30-07-2011
06 January 2004,06-01-2004
09 December 2011,09-12-2011
16 January 2015,16-01-2015
04 January 2003,04-01-2003
23 January 2012,23-01-2012
03 October 2009,03-10-2009
21 March 2022,21-03-2022
11 November 2011,11-11-2011
20 January 2006,20-01-2006
05 October 2006,05-10-2006
30 March 2003,30-03-2003
15 October 2011,15-10-2011
28 November 2005,28-11-2005
11 April 2015,11-04-2015
24 June 2021,24-06-2021
29 January 2007,29-01-2007
31 January 2003,31-01-2003
09 December 2018,09-12-2018
29 April 2014,29-04-2014
02 February 2009,02-02-2009
11 February 2018,11-02-2018
14 December 2015,14-12-2015
23 December 2017,23-12-2017
04 June 2003,04-06-2003
09 November 2003,09-11-2003
07 August 2019,07-08-2019
12 May 2009,12-05-2009
23 March 2022,23-03-2022
11 June 2021,11-06-2021
06 May 2004,06-05-2004
15 January 2003,15-01-2003
30 December 2011,30-12-2011
24 June 2005,24-06-2005
18 September 2019,18-09-2019
21 January 2021,21-01-2021
30 October 2021,30-10-2021
19 March 2020,19-03-2020
30 September 2012,30-09-2012
05 September 2005,05-09-2005
20 September 2009,20-09-2009
01 October 2018,01-10-2018
21 March 2018,21-03-2018
29 April 2019,29-04-2019
09 February 2021,09-02-2021
12 February 2005,12-02-2005
13 April 2015,13-04-2015
16 March 2011,16-03-2011
20 March 2018,20-03-2018
24 November 2018,24-11-2018
02 May 2006,02-05-2006
24 June 2003,24-06-2003
31 December 2008,31-12-2008
28 December 2011,28-12-2011
22 February 2014,22-02-2014
08 May 2012,08-05-2012
17 August 2009,17-08-2009
25 December 2010,25-12-2010
05 February 2004,05-02-2004
14 July 2017,14-07-2017
08 April 2004,08-04-2004
18 January 2019,18-01-2019
04 March 2010,04-03-2010
04 February 2008,04-02-2008
26 May 2020,26-05-2020
08 June 2013,08-06-2013
06 November 2017,06-11-2017
17 July 2016,17-07-2016
07 September 2021,07-09-2021
26 August 2013,26-08-2013
15 July 2007,15-07-2007
08 June 2004,08-06-2004
03 May 2006,03-05-2006
03 July 2020,03-07-2020
11 January 2007,11-01-2007
14 December 2012,14-12-2012
08 January 2008,08-01-2008
30 May 2010,30-05-2010
16 July 2016,16-07-2016
31 October 2020,31-10-2020
20 May 2013,20-05-2013
19 November 2013,19-11-2013
24 June 2022,24-06-2022
23 January 2016,23-01-2016
03 September 2003,03-09-2003
03 August 2003,03-08-2003
26 November 2011,26-11-2011
06 November 2011,06-11-2011
16 February 2007,16-02-2007
01 January 2018,01-01-2018
21 August 2020,21-08-2020
09 April 2019,09-04-2019
01 December 2019,01-12-2019
20 June 2015,20-06-2015
13 May 2003,13-05-2003
09 November 2019,09-11-2019
20 December 2018,20-12-2018
21 March 2012,21-03-2012
22 April 2005,22-04-2005
11 November 2005,11-11-2005
26 October 2022,26-10-2022
12 December 2004,12-12-2004
01 February 2008,01-02-2008
30 May 2020,30-05-2020
22 September 2006,22-09-2006
21 December 2006,21-12-2006
25 July 2011,25-07-2011
06 August 2010,06-08-2010
27 September 2011,27-09-2011
29 August 2022,29-08-2022
22 January 2013,22-01-2013
17 September 2014,17-09-2014
13 August 2018,13-08-2018
29 April 2009,29-04-2009
22 March 2014,22-03-2014
04 April 2013,04-04-2013
23 October 2014,23-10-2014
01 July 2015,01-07-2015
23 November 2005,23-11-2005
20 June 2011,20-06-2011
30 September 2008,30-09-2008
19 September 2018,19-09-2018
06 March 2010,06-03-2010
08 May 2017,08-05-2017
07 May 2018,07-05-2018
27 September 2008,27-09-2008
16 April 2013,16-04-2013
15 April 2008,15-04-2008
25 December 2016,25-12-2016
18 February 2022,18-02-2022
28 December 2019,28-12-2019
15 August 2021,15-08-2021
24 January 2015,24-01-2015
21 February 2012,21-02-2012
17 August 2021,17-08-2021
07 June 2009,07-06-2009
11 June 2010,11-06-2010
20 March 2004,20-03-2004
23 October 2011,23-10-2011
30 May 2016,30-05-2016
08 July 2005,08-07-2005
10 February 2011,10-02-2011
16 November 2017,16-11-2017
21 June 2005,21-06-2005
03 March 2015,03-03-2015
31 March 2007,31-03-2007
06 October 2005,06-10-2005
17 February 2020,17-02-2020
03 May 2007,03-05-2007
20 June 2013,20-06-2013
25 July 2004,25-07-2004
05 September 2012,05-09-2012
06 August 2006,06-08-2006
28 May 2011,28-05-2011
04 August 2014,04-08-2014
12 July 2007,12-07-2007
11 December 2004,11-12-2004
16 March 2017,16-03-2017
29 January 2014,29-01-2014
30 December 2019,30-12-2019
19 November 2014,19-11-2014
12 July 2003,12-07-2003
01 November 2015,01-11-2015
04 May 2006,04-05-2006
03 August 2010,03-08-2010
04 August 2021,04-08-2021
15 July 2017,15-07-2017
27 April 2021,27-04-2021
18 June 2017,18-06-2017
19 January 2016,19-01-2016
01 January 2003,01-01-2003
05 June 2015,05-06-2015
15 June 2008,15-06-2008
15 August 2016,15-08-2016
28 November 2018,28-11-2018
25 March 2009,25-03-2009
17 December 2019,17-12-2019
29 April 2020,29-04-2020
02 December 2014,02-12-2014
16 October 2012,16-10-2012
01 December 2013,01-12-2013
13 October 2018,13-10-2018
29 July 2017,29-07-2017
16 September 2008,16-09-2008
09 August 2005,09-08-2005
26 October 2020,26-10-2020
09 January 2006,09-01-2006
24 July 2005,24-07-2005
09 September 2009,09-09-2009
30 May 2018,30-05-2018
06 February 2016,06-02-2016
16 May 2008,16-05-2008
01 August 2007,01-08-2007
28 June 2013,28-06-2013
14 March 2011,14-03-2011
16 November 2007,16-11-2007
24 March 2003,24-03-2003
06 July 2013,06-07-2013
28 June 2014,28-06-2014
13 November 2017,13-11-2017
06 February 2012,06-02-2012
17 October 2016,17-10-2016
24 September 2021,24-09-2021
14 November 2009,14-11-2009
12 October 2016,12-10-2016
19 December 2020,19-12-2020
15 February 2010,15-02-2010
15 March 2012,15-03-2012
02 October 2006,02-10-2006
25 September 2012,25-09-2012
06 August 2015,06-08-2015
14 April 2008,14-04-2008
13 April 2007,13-04-2007
11 December 2009,11-12-2009
24 December 2015,24-12-2015
11 June 2007,11-06-2007
27 May 2018,27-05-2018
17 May 2008,17-05-2008
23 June 2016,23-06-2016
10 June 2004,10-06-2004
27 June 2008,27-06-2008
24 April 2016,24-04-2016
01 June 2009,01-06-2009
09 March 2010,09-03-2010
17 April 2017,17-04-2017
02 January 2008,02-01-2008
05 July 2013,05-07-2013
15 April 2012,15-04-2012
08 January 2012,08-01-2012
31 October 2021,31-10-2021
28 January 2006,28-01-2006
27 September 2021,27-09-2021
15 November 2016,15-11-2016
22 May 2020,22-05-2020
18 August 2005,18-08-2005
12 June 2011,12-06-2011
30 June 2019,30-06-2019
30 September 2009,30-09-2009
23 August 2008,23-08-2008
02 July 2018,02-07-2018
03 May 2017,03-05-2017
04 September 2005,04-09-2005
25 April 2008,25-04-2008
01 September 2015,01-09-2015
24 May 2008,24-05-2008
03 January 2018,03-01-2018
25 January 2021,25-01-2021
25 January 2017,25-01-2017
17 July 2015,17-07-2015
28 January 2021,28-01-2021
18 September 2018,18-09-2018
16 January 2019,16-01-2019
05 December 2004,05-12-2004
26 August 2011,26-08-2011
09 August 2019,09-08-2019
21 March 2008,21-03-2008
25 June 2018,25-06-2018
08 August 2016,08-08-2016
19 September 2006,19-09-2006
27 February 2008,27-02-2008
28 April 2005,28-04-2005
11 August 2003,11-08-2003
16 January 2012,16-01-2012
04 August 2012,04-08-2012
10 August 2013,10-08-2013
31 January 2016,31-01-2016
24 September 2008,24-09-2008
13 September 2014,13-09-2014
06 March 2008,06-03-2008
11 December 2017,11-12-2017
02 December 2011,02-12-2011
25 April 2005,25-04-2005
09 October 2012,09-10-2012
23 April 2016,23-04-2016
18 March 2004,18-03-2004
26 February 2016,26-02-2016
05 April 2007,05-04-2007
02 July 2017,02-07-2017
07 October 2016,07-10-2016
06 February 2004,06-02-2004
18 September 2015,18-09-2015
29 October 2010,29-10-2010
22 August 2020,22-08-2020
28 November 2010,28-11-2010
03 September 2015,03-09-2015
25 June 2004,25-06-2004
16 November 2005,16-11-2005
23 June 2022,23-06-2022
25 April 2011,25-04-2011
28 January 2008,28-01-2008
24 October 2009,24-10-2009
07 March 2003,07-03-2003
12 October 2007,12-10-2007
25 November 2013,25-11-2013
30 July 2013,30-07-2013
10 July 2015,10-07-2015
17 June 2007,17-06-2007
14 October 2003,14-10-2003
23 August 2019,23-08-2019
03 April 2003,03-04-2003
16 March 2020,16-03-2020
24 December 2021,24-12-2021
21 November 2012,21-11-2012
28 July 2015,28-07-2015
29 May 2020,29-05-2020
20 April 2005,20-04-2005
16 August 2020,16-08-2020
24 April 2009,24-04-2009
12 October 2013,12-10-2013
18 August 2018,18-08-2018
27 February 2016,27-02-2016
22 June 2019,22-06-2019
13 May 2007,13-05-2007
10 July 2014,10-07-2014
30 September 2015,30-09-2015
31 January 2020,31-01-2020
27 February 2015,27-02-2015
22 March 2004,22-03-2004
19 March 2008,19-03-2008
02 March 2018,02-03-2018
21 November 2009,21-11-2009
05 February 2018,05-02-2018
01 November 2007,01-11-2007
26 November 2009,26-11-2009
01 August 2017,01-08-2017
28 August 2015,28-08-2015
08 August 2004,08-08-2004
16 November 2019,16-11-2019
24 July 2017,24-07-2017
11 April 2012,11-04-2012
14 June 2017,14-06-2017
12 February 2003,12-02-2003
30 September 2004,30-09-2004
01 May 2010,01-05-2010
08 May 2005,08-05-2005
29 November 2002,29-11-2002
29 October 2013,29-10-2013
29 August 2005,29-08-2005
14 December 2021,14-12-2021
28 February 2021,28-02-2021
28 June 2003,28-06-2003
30 August 2006,30-08-2006
04 October 2009,04-10-2009
26 January 2021,26-01-2021
02 September 2012,02-09-2012
28 July 2004,28-07-2004
02 July 2008,02-07-2008
25 January 2015,25-01-2015
12 March 2005,12-03-2005
14 October 2022,14-10-2022
22 July 2014,22-07-2014
04 December 2018,04-12-2018
09 August 2011,09-08-2011
31 August 2009,31-08-2009
19 August 2004,19-08-2004
16 October 2016,16-10-2016
09 April 2010,09-04-2010